{"cameraMode":{"drawMode":0,"name":"Shaded","section":"Shading Mode"},"sceneLighting":false,"audioPlay":false,"sceneViewState":{"m_AlwaysRefresh":false,"showFog":true,"showSkybox":false,"showFlares":true,"showImageEffects":true,"showParticleSystems":true,"showVisualEffectGraphs":true,"m_FxEnabled":true},"in2DMode":false,"pivot":{"x":2.4238810539245607,"y":-0.7589285969734192,"z":2.0754003524780275},"rotation":{"x":-0.14535044133663178,"y":-0.32042643427848818,"z":0.05059583857655525,"w":-0.9348139762878418},"size":3.284694194793701,"orthographic":false}